time,return
2015-07-01,-0.0006329820097234825
2015-07-03,-0.0006942700448857877
2015-07-04,0.0
2015-07-05,-0.009807099639352973
2015-07-06,-0.00027726396666532096
2015-07-07,0.0061407328427557145
2015-07-08,0.0006404913851074468
2015-07-09,-0.005835493372937384
2015-07-10,0.0004792006306693104
2015-07-11,0.006122382708369711
2015-07-12,-0.0015623231588249643
2015-07-13,0.0009316839793790965
2015-07-14,-0.0002113867713331441
2015-07-15,-0.004313258044316579
2015-07-16,0.0032191754092864796
2015-07-17,0.0012128730800287605
2015-07-18,-0.0008104090757949177
2015-07-19,0.0022330590513411942
2015-07-20,0.0005679300895785439
2015-07-21,-0.00022191536936473443
2015-07-22,0.0006518828496150666
2015-07-23,-0.00015567935351951424
2015-07-24,0.00027419949280802435
2015-07-25,-0.0013365428862214571
2015-07-26,0.00012201620128294198
2015-07-27,-0.0003241446576311331
2015-07-28,-0.0001857941990472347
2015-07-29,-0.0033567699500388205
2015-07-30,0.00046995003288418193
2015-07-31,0.0018597206093825976
2015-08-01,-5.255881636491111e-05
2015-08-02,-0.0005299553783460586
2015-08-03,0.0002068977325964949
2015-08-04,-0.0011205029788751882
2015-08-05,0.00015211629722343
2015-08-06,-0.0002982939765911683
2015-08-07,0.0036223295808080823
2015-08-08,-0.0010997760014502588
2015-08-09,-0.00011994578236960518
2015-08-10,0.00429312437851067
2015-08-11,0.002529936634256637
2015-08-12,-0.0026750744647021318
2015-08-13,-0.000266012003961315
2015-08-14,0.001025957815847884
2015-08-15,0.0019062011518339093
2015-08-16,0.0004751039199586342
2015-08-17,-0.005577315849322609
2015-08-18,-0.0027719822533940008
2015-08-19,-0.0004628808873104802
2015-08-20,0.0028361635737000554
2015-08-21,0.0012427714027933776
2015-08-22,0.0009307457413954923
2015-08-23,-0.006891313108156776
2015-08-24,0.0038143414285376894
2015-08-25,-2.660726033565136e-05
2015-08-26,0.0016590739319262253
2015-08-27,-0.0017337998552874202
2015-08-28,-0.0010713968753501173
2015-08-29,-0.0022459339547830737
2015-08-30,-0.0004295081855139282
2015-08-31,-0.00018790963730986958
2015-09-01,-2.589863362522604e-05
2015-09-02,0.0011885220161802184
2015-09-03,-7.647321441936072e-05
2015-09-04,0.0007996086984500652
2015-09-05,-0.001150385931957397
2015-09-06,-0.0008945468395463283
2015-09-07,0.0006623969771469614
2015-09-08,-0.0007392557422335373
2015-09-09,-6.981895138742776e-05
2015-09-10,-0.0026125843254455514
2015-09-11,0.001546528375338863
2015-09-12,0.0003097862972765616
2015-09-13,-0.0015243439714175081
2015-09-14,-0.0023573619741916246
2015-09-15,2.6093646598612996e-05
2015-09-16,-0.0012206941718782107
2015-09-17,-3.583520575798593e-05
2015-09-18,-0.0015660272470762284
2015-09-19,0.0005999427907290102
2015-09-20,-0.001209525286519716
2015-09-21,0.0007762798646220761
2015-09-22,0.00013615827173652577
2015-09-23,-0.0009249764046259179
2015-09-24,-0.0037021687137630986
2015-09-25,0.001038656831309652
2015-09-26,-0.0001504619357744129
2015-09-27,-0.0015992313517899732
2015-09-28,0.0016016034986508902
2015-09-29,0.0010917895056151926
2015-09-30,-0.0019580181273355164
2015-10-01,0.0005440632171694295
2015-10-02,-0.00105688479409437
2015-10-03,0.0019808335063846447
2015-10-04,-0.0024940697321163283
2015-10-05,0.0021669878804938566
2015-10-06,-0.0006078640127520794
2015-10-07,0.001699662261358085
2015-10-08,0.0011448052056460339
2015-10-09,-0.0004680981513117004
2015-10-10,-0.0002663730178513881
2015-10-11,0.0009872471678124585
2015-10-12,0.0008934312724440863
2015-10-13,0.000249352620127625
2015-10-14,-0.0013362263859456331
2015-10-15,0.0037304923453966472
2015-10-16,-0.002612672232839072
2015-10-17,-0.0014637054914662443
2015-10-18,-0.002441291525249308
2015-10-19,-0.0027194869725404042
2015-10-20,-0.0012445751562687188
2015-10-21,0.0006422082718236597
2015-10-22,-0.002482028256586415
2015-10-23,0.00012027906483623833
2015-10-24,0.002066706230697376
2015-10-25,-0.0026866278993252
2015-10-26,-0.00484378130980476
2015-10-27,0.0009862565405239464
2015-10-28,-0.003909524163561261
2015-10-29,0.001373062545942329
2015-10-30,0.0038873781435287335
2015-10-31,0.0005054059348888537
2015-11-01,0.002219383845490782
2015-11-02,0.000737919196250046
2015-11-03,0.004559708535909981
2015-11-04,0.0026999568571033565
2015-11-05,0.003911442581506636
2015-11-06,0.002616639793668691
2015-11-07,0.002210592305927366
2015-11-08,0.0031775520198154624
2015-11-09,0.003010115849371159
2015-11-10,0.003990256122009648
2015-11-11,0.0022385625174755047
2015-11-12,0.0008774320599053713
2015-11-13,-0.0061735840396102215
2015-11-14,0.004094100518867716
2015-11-15,-0.001304988747065892
2015-11-16,0.0003793521898343246
2015-11-17,-0.0002597661309890216
2015-11-18,-0.0001154264949170658
2015-11-19,0.0012220003884400982
2015-11-20,0.0014937096940896265
2015-11-21,0.0011784434053364729
2015-11-22,-0.0005543056930865405
2015-11-23,-0.0004772284244752166
2015-11-24,-0.0011166826157937334
2015-11-25,0.0004797883943710205
2015-11-26,0.0006846146789605236
2015-11-27,-9.630829476553704e-05
2015-11-28,0.0013083292475648124
2015-11-29,-0.00022702596188784005
2015-11-30,-0.0029240860530711154
2015-12-01,0.001529810983793271
2015-12-02,0.001766164735141539
2015-12-03,0.0001013228014176599
2015-12-04,0.008164837147535773
2015-12-05,0.000138117461141895
2015-12-06,-0.00465062365229965
2015-12-07,-0.0005249613456885298
2015-12-08,0.006108878814047803
2015-12-09,0.00024571426357211255
2015-12-10,-0.005160359455815369
2015-12-11,-0.001698078379782688
2015-12-12,0.0008729650953367126
2015-12-13,-0.001696666918855696
2015-12-14,0.0054172260434937
2015-12-15,0.00010825052278060498
2015-12-16,0.00045719849701740913
2015-12-17,0.00037746784852775043
2015-12-18,0.0009652946113379278
2015-12-19,0.0010043451300578627
2015-12-20,0.0007654057021730654
2015-12-21,0.0002436396647853848
2015-12-22,-0.00010014492210729784
2015-12-23,-0.0032484733764686327
2015-12-24,0.0022013417834259815
2015-12-25,0.004858996628909859
2015-12-26,0.0015376939861013019
2015-12-27,-0.0016163209190788617
2015-12-28,0.006848410831531823
2015-12-29,0.0027367168825153687
2015-12-30,0.000811017173781035
2015-12-31,0.0010655282881009264
2016-01-01,-0.001019376362333415
2016-01-02,-0.00110358291275755
2016-01-03,4.97599365297029e-05
2016-01-04,0.0010956694994837572
2016-01-05,0.0001356601687820195
2016-01-06,-0.00018224972839379252
2016-01-07,-0.006314695551131293
2016-01-08,-0.003165645892942592
2016-01-09,5.716438430521718e-05
2016-01-10,0.001412314048874426
2016-01-11,0.0003038147029082483
2016-01-12,0.0010662848865665487
2016-01-13,0.0018931645782933057
2016-01-14,-0.00038330847249172306
2016-01-15,0.008333107772640715
2016-01-16,-0.0026079829163686737
2016-01-17,-0.003673554649448586
2016-01-18,0.002369517666865457
2016-01-19,0.006038404155070693
2016-01-20,0.002735760834739346
2016-01-21,-0.00032911898831741347
2016-01-22,0.001153574335229799
2016-01-23,0.0018066840815310731
2016-01-24,-0.0019350313709892066
2016-01-25,0.012424975975668679
2016-01-26,0.004771096518323441
2016-01-27,-0.014398149734759474
2016-01-28,0.000809153792147525
2016-01-29,0.010308901223254943
2016-01-30,0.00015499675229566746
2016-01-31,-0.0008050419802446736
2016-02-01,-0.005400510221578297
2016-02-02,-0.0022419672782137056
2016-02-03,0.0013753550212364295
2016-02-04,-0.003194927404281863
2016-02-05,0.00021194477007188838
2016-02-06,0.0012694300407714372
2016-02-07,-0.0003287857646992398
2016-02-08,-0.0014788233006321483
2016-02-09,0.0007059968721009744
2016-02-10,0.001113717630434824
2016-02-11,0.00548331400023325
2016-02-12,-0.008253184106583603
2016-02-13,-0.0009717982268613647
2016-02-14,-0.001542992688260371
2016-02-15,-0.0017593947917020584
2016-02-16,0.015877974627231332
2016-02-17,-9.846598142149144e-05
2016-02-18,-0.005323886500188272
2016-02-19,-0.0013028485549393112
2016-02-20,-0.0018963532660507254
2016-02-21,0.0019485469187137474
2016-02-22,-0.002527894867843502
2016-02-23,-0.0009271963694826044
2016-02-24,0.0005002155129859993
2016-02-25,0.001550040240945144
2016-02-26,-0.0011114784197384577
2016-02-27,0.0006169971549646288
2016-02-28,3.519224914289032e-05
2016-02-29,-0.0015895618919285585
2016-03-01,0.0002341327238689332
2016-03-02,0.0076674947192446365
2016-03-03,0.00024228581403048765
2016-03-04,-0.00010816260477606687
2016-03-05,-0.00017201814599372022
2016-03-06,-0.0031471384216050025
2016-03-07,0.0020843864542922012
2016-03-08,0.0015722244099198558
2016-03-09,-0.003993419435266629
2016-03-10,-0.00877061610699986
2016-03-11,0.0007783201879674927
2016-03-12,0.00026617155476104103
2016-03-13,0.004888411433357203
2016-03-14,0.004295069983198065
2016-03-15,-0.00023454798324292747
2016-03-16,0.0005615553165702139
2016-03-17,0.0120844376076604
2016-03-18,0.0013131658487686353
2016-03-19,-0.0012874509166462987
2016-03-20,0.0009879307632475053
2016-03-21,-0.001281564885668392
2016-03-22,-0.006558821573149267
2016-03-23,-0.004848648006400837
2016-03-24,0.007346173149299299
2016-03-25,0.0008416679211358194
2016-03-26,0.001185171811696326
2016-03-27,-0.0014053344104099958
2016-03-28,6.524972444612787e-05
2016-03-29,-0.0006523855411758385
2016-03-30,0.0014481320091761078
2016-03-31,-0.0006526097801161109
2016-04-01,0.0009724411379410864
2016-04-02,5.194178445938624e-05
2016-04-03,-0.00043555134173004184
2016-04-04,-0.001547409050176007
2016-04-05,-0.00026674265600295854
2016-04-06,0.0006312933974721772
2016-04-07,-0.0007872708556906189
2016-04-08,-0.0014211152396776988
2016-04-09,0.004759918795547849
2016-04-10,-0.0004118885578480176
2016-04-11,-0.007698639821359625
2016-04-12,-0.0006168830989769338
2016-04-13,0.0004151260102941643
2016-04-14,0.001766257303645007
2016-04-15,-0.0019292325985134614
2016-04-16,-0.0010618304813513123
2016-04-17,-0.00043923268059025067
2016-04-18,0.00030878973801566146
2016-04-19,-0.00043018510388567055
2016-04-20,-0.0006700956268150706
2016-04-21,-0.0007875810852563638
2016-04-22,0.0013317458415479711
2016-04-23,0.00023062324935715206
2016-04-24,-0.0013491060429798186
2016-04-25,-0.0002071652015349774
2016-04-26,0.003766635968247604
2016-04-27,-0.002888493180506523
2016-04-28,-0.0014760971229401956
2016-04-29,-0.00011674783585972018
2016-04-30,-0.00019704791129823262
2016-05-01,-0.0045043385281024724
2016-05-02,0.00043430228697465115
2016-05-03,-0.00022061133515080767
2016-05-04,-0.0006015801662626525
2016-05-05,0.00034798101061817445
2016-05-06,0.0005529547510917496
2016-05-07,0.0001283898354272388
2016-05-08,-0.00022912189985200803
2016-05-09,0.00047583655870482946
2016-05-10,0.002743415917287238
2016-05-11,3.1878274708144973e-05
2016-05-12,-0.0005176986109977436
2016-05-13,5.022189608046901e-05
2016-05-14,0.0006382072081511323
2016-05-15,-0.0019570612880396767
2016-05-16,0.0003025077842419981
2016-05-17,0.0034811099143839653
2016-05-18,7.721563689631437e-05
2016-05-19,-0.004578288042969481
2016-05-20,0.0001383792389415944
2016-05-21,-7.320493914146818e-05
2016-05-22,0.0013659202050027804
2016-05-23,0.00026138009190705127
2016-05-24,-2.3802163418772394e-06
2016-05-25,0.0013025837250146965
2016-05-26,0.0008139230128173673
2016-05-27,0.003324773290183063
2016-05-28,-0.0033837407554019806
2016-05-29,-0.0017078386644070864
2016-05-30,-0.0006524398262332149
2016-05-31,-6.993582092933703e-05
2016-06-01,0.0007173782672827751
2016-06-02,0.00036156263412623346
2016-06-03,-0.00028118921879212254
2016-06-04,0.0011097608110082664
2016-06-05,-0.0007245043454889509
2016-06-06,0.0006128295970525302
2016-06-07,-0.0007781229221450226
2016-06-08,-7.313719860091438e-07
2016-06-09,0.00026265916572481776
2016-06-10,8.042281880294055e-05
2016-06-11,-0.0015965699996723438
2016-06-12,0.005043426189882048
2016-06-13,-0.0005790108816660866
2016-06-14,-0.0008493296034865159
2016-06-15,-0.00016617184814762465
2016-06-16,-0.02023410031027737
2016-06-17,-0.006288178534766605
2016-06-18,-0.0025186369947277926
2016-06-19,0.005531476028093574
2016-06-20,-0.0015117295903810315
2016-06-21,0.006779354614778459
2016-06-22,-0.003650631901255582
2016-06-23,0.0032059623388415587
2016-06-24,-3.7161652896843034e-05
2016-06-25,-0.005671819833090397
2016-06-26,0.00021035366530043075
2016-06-27,-0.004637392504503707
2016-06-28,0.0009686659451282446
2016-06-29,0.0010925950823381006
2016-06-30,0.0017960465586831776
2016-07-01,0.00195606625706007
2016-07-02,0.0007376112302913056
2016-07-03,0.002897260071188834
2016-07-04,9.369600495905184e-05
2016-07-05,-0.0010954128082978302
2016-07-06,-0.0010109212640182497
2016-07-07,0.0018741391588626853
2016-07-08,-0.0009511997059491048
2016-07-09,0.0006669994900540885
2016-07-10,-0.0017252399901646989
2016-07-11,-0.001286392163329567
2016-07-12,-7.380658517174554e-05
2016-07-13,-0.002073391615574756
2016-07-14,-0.0008318822669427566
2016-07-15,0.0004186864983736488
2016-07-16,0.0015768619571464556
2016-07-17,-0.001250143366808823
2016-07-18,-0.0011064984824883748
2016-07-19,0.0009874249916770098
2016-07-20,-0.003467862080847353
2016-07-21,-0.0015009176467978178
2016-07-22,0.0008935790528232905
2016-07-23,0.00023560698236806078
2016-07-24,0.0021428046885475275
2016-07-25,-0.0232308946565525
2016-07-26,-0.001135855400719914
2016-07-27,0.001328866222443046
2016-07-28,0.0008514808358583909
2016-07-29,0.00041815304757272066
2016-07-30,0.000777250788553189
2016-07-31,-0.008277361233249946
2016-08-01,0.01078931591679485
2016-08-02,0.0025999918494753077
2016-08-03,-0.0023628348258889925
2016-08-04,-0.001362099915980567
2016-08-05,0.0002189408869650147
2016-08-06,-0.008213204648874785
2016-08-07,0.00046608491600866396
2016-08-08,0.007202580841216774
2016-08-09,-0.0008032747572975465
2016-08-10,0.0025569467757187727
2016-08-11,-0.003569911549435671
2016-08-12,0.00036507553895043866
2016-08-13,-0.0010791567349993638
2016-08-14,-0.0007806216395958437
2016-08-15,0.00033607249675156537
2016-08-16,-0.0030127641540057264
2016-08-17,-0.0020005933807399753
2016-08-18,0.0034621264513264977
2016-08-19,0.004325038003035292
2016-08-20,0.0012917539930595047
2016-08-21,0.0008136831765036714
2016-08-22,0.002991273100434241
2016-08-23,-0.00020528553394463513
2016-08-24,0.0017126898548532157
2016-08-25,0.001245796782465201
2016-08-26,-0.016469451315862856
2016-08-27,0.0003758115945416063
2016-08-28,0.004037123098479319
2016-08-29,-0.0004789328319382067
2016-08-30,-0.0017698828288362854
2016-08-31,0.0007913858202620659
2016-09-01,-0.0012073116397171573
2016-09-02,-0.0003761142601327525
2016-09-03,0.009457556241054783
2016-09-04,-0.0004780238862085437
2016-09-05,-9.903809930799845e-05
2016-09-06,0.0008729618246698459
2016-09-07,-0.0008561935700944576
2016-09-08,0.001301894292471899
2016-09-09,-0.000286648554859929
2016-09-10,-0.0013575741695218797
2016-09-11,0.000841234406353907
2016-09-12,0.0006345097670660056
2016-09-13,0.0005665472428055816
2016-09-14,-0.00891282321057108
2016-09-15,-0.002932182136583921
2016-09-16,-0.0020339585784047514
2016-09-17,0.00030916491727279663
2016-09-18,0.0018805061315629338
2016-09-19,0.0003508964731915516
2016-09-20,0.00040438813136504947
2016-09-21,0.000660278990883301
2016-09-22,0.0005571416613698079
2016-09-23,-0.000753416421705383
2016-09-24,0.0036111637278599465
2016-09-25,-0.004574037454314326
2016-09-26,0.0005570383778229862
2016-09-27,-0.0011822577230643418
2016-09-28,-0.00046804340853320967
2016-09-29,0.0001263633397938971
2016-09-30,0.0005752788280432007
2016-10-01,-0.0025068776599972056
2016-10-02,0.001569298316117397
2016-10-03,0.001194563499917949
2016-10-04,-0.0006327220734108195
2016-10-05,0.0009040516185656522
2016-10-06,-0.0002842918724918304
2016-10-07,-0.000636032746923767
2016-10-08,0.0020083963605780387
2016-10-09,-0.0020463586412229275
2016-10-10,0.003126146579158518
2016-10-11,-0.0003601237617685946
2016-10-12,0.0011766030557228205
2016-10-13,-0.003314403492351344
2016-10-14,-0.0010655702782362648
2016-10-15,-0.00280197948515889
2016-10-16,-0.001156118136593891
2016-10-17,0.0027042527498248206
2016-10-18,0.00024250785602176306
2016-10-19,-0.0027394259720453615
2016-10-20,0.0009032332046689043
2016-10-21,0.004312183625123448
2016-10-22,0.0021756746734148402
2016-10-23,0.00019163224728795586
2016-10-24,-0.003074438442522922
2016-10-25,-0.0016960782781188938
2016-10-26,-0.0018303140542032471
2016-10-27,-0.0015592226404384827
2016-10-28,-0.000476763021224524
2016-10-29,0.01344098920913267
2016-10-30,-0.004879712837545849
2016-10-31,0.007703373037466828
2016-11-01,-0.000703440755631001
2016-11-02,0.0031689157299708733
2016-11-03,-0.00044543544170501994
2016-11-04,0.0009691130666703582
2016-11-05,-0.00025630706270585255
2016-11-06,-0.0034606167589083005
2016-11-07,-0.00035268480892213904
2016-11-08,-0.0025188598492678345
2016-11-09,-0.0006293819647048337
2016-11-10,-0.009513698053991443
2016-11-11,0.00012129679313059638
2016-11-12,0.012084507008717986
2016-11-13,-0.0009488948931338288
2016-11-14,-0.0030388794387078235
2016-11-15,2.3343471301153774e-05
2016-11-16,-0.00425356931241814
2016-11-17,0.0014697516431400293
2016-11-18,-0.0010410531502098674
2016-11-19,-0.0002057527211427157
2016-11-20,0.0028428631946328473
2016-11-21,-0.0005041300193423241
2016-11-22,-0.0008857943833350763
2016-11-23,0.002668485017025725
2016-11-24,-0.0026696416184201575
2016-11-25,-0.00014058667801768277
2016-11-26,-0.005668450295762875
2016-11-27,-0.0024992485859535625
2016-11-28,-0.001224946815817849
2016-11-29,-0.00185220596527738
2016-11-30,-0.0038129117734046728
2016-12-01,0.00316766249926233
2016-12-02,-0.0010888680389472584
2016-12-03,0.0023825695029461563
2016-12-04,-0.010142555513155502
2016-12-05,-0.04362091799866223
2016-12-06,0.001176514887831162
2016-12-07,0.0009547821165480906
2016-12-08,-7.720352078738448e-05
2016-12-09,-0.012201210719843208
2016-12-10,0.002911808308471623
2016-12-11,-0.0023551178930195193
2016-12-12,0.005611101553733917
2016-12-13,0.00045058203880635303
2016-12-14,0.0022252430966251593
2016-12-15,0.0012322063504281373
2016-12-16,0.005634462527135567
2016-12-17,-0.0017687680238154787
2016-12-18,-0.006717092959905238
2016-12-19,0.00014408804484338587
2016-12-20,0.00047373929657081113
2016-12-21,-0.0009472554670575053
2016-12-22,0.01630909427056943
2016-12-23,-0.00035682503872390626
2016-12-24,0.0011710056876784575
2016-12-25,9.621853637177685e-05
2016-12-26,-0.0015660350747545876
2016-12-27,-0.0009929540968810129
2016-12-28,0.008707543643536727
2016-12-29,-0.0009888784085216279
2016-12-30,-0.000603192650174955
2016-12-31,-0.0002472883773602453
2017-01-01,-0.003910460963654634
2017-01-02,0.00012300719512900083
2017-01-03,-0.0010649650698761695
2017-01-04,0.0006325969605852188
2017-01-05,-0.0022183502200942675
2017-01-06,-0.0008576089443236739
2017-01-07,0.00021983733537435176
2017-01-08,0.0001970699251617698
2017-01-09,0.0009929076504604486
2017-01-10,-0.002696518790488812
2017-01-11,0.001378592846917396
2017-01-12,-0.0007037974076560651
2017-01-13,0.00212138086618465
2017-01-14,0.00037057455786474635
2017-01-15,0.0007988751800787465
2017-01-16,0.0013200093105717268
2017-01-17,0.00120423839016888
2017-01-18,-2.5915732994419293e-05
2017-01-19,0.006632910364647806
2017-01-20,-0.0008768054454403411
2017-01-21,-0.000261664600085232
2017-01-22,0.0004513726802873461
2017-01-23,-0.0011672655234354775
2017-01-24,7.928769438671776e-05
2017-01-25,0.0031767783720715445
2017-01-26,-0.0008342500387431946
2017-01-27,0.000838154910658157
2017-01-28,0.0003349534248058501
2017-01-29,0.0015046629460753111
2017-01-30,-0.002625269011644459
2017-01-31,-0.0018925211287464697
2017-02-01,-6.129679801790821e-05
2017-02-02,0.00038810162530282375
2017-02-03,-0.0002753551132798497
2017-02-04,-0.0002994201891199593
2017-02-05,-0.00038533124108348595
2017-02-06,0.0014927607638933753
2017-02-07,-0.0007666537886385485
2017-02-08,-0.016421639651585475
2017-02-09,0.0006802808970968983
2017-02-10,-0.0011332669348949045
2017-02-11,-0.00036659587074105505
2017-02-12,0.0008785812544888354
2017-02-13,-0.0034722838707288164
2017-02-14,0.000584121840676856
2017-02-15,-0.00039627926158084214
2017-02-16,7.402831241906466e-05
2017-02-17,0.001988619808064611
2017-02-18,0.0020779454933672822
2017-02-19,0.000627467253472374
2017-02-20,0.0012563488009185695
2017-02-21,0.0012487884452718116
2017-02-22,0.0008293647555106077
2017-02-23,-0.002161080611392585
2017-02-24,0.0018630007046554762
2017-02-25,0.0002907026973785345
2017-02-26,0.0028177875808721286
2017-02-27,-0.00105660384480742
2017-02-28,0.009664701619358456
2017-03-01,0.0009686157254924792
2017-03-02,0.00021877253021755893
2017-03-03,0.0010622957941817447
2017-03-04,-0.002924106362646674
2017-03-05,-0.0022606049796533973
2017-03-06,-0.0005131173334328303
2017-03-07,-0.0016225233270756236
2017-03-08,-0.003290141332789111
2017-03-09,-0.0033280171916780653
2017-03-10,0.000713585356940679
2017-03-11,0.0002783996819426471
2017-03-12,0.009685788967479719
2017-03-13,0.0008507602809197361
2017-03-14,0.006453025830502141
2017-03-15,0.002011626763288752
2017-03-16,0.0033481899270798856
2017-03-17,-0.0005199981338132797
2017-03-18,-0.00268066024386192
2017-03-19,0.0024211082045455645
2017-03-20,-0.0038181072075815082
2017-03-21,-0.0015671218052313773
2017-03-22,-0.0035324891826699167
2017-03-23,0.012204457679788169
2017-03-24,-0.004216811610577365
2017-03-25,0.0003538729970214338
2017-03-26,0.0028696739076451237
2017-03-27,-0.0019221553468455014
2017-03-28,0.0012731321161227756
2017-03-29,-0.006492023498886192
2017-03-30,0.0285274897433862
2017-03-31,0.007386804418287414
2017-04-01,-0.03695503334829681
2017-04-02,-0.0077478042260786
2017-04-03,0.0033389631979855333
2017-04-04,0.0025658427034256303
2017-04-05,0.004332141513965819
2017-04-06,-9.611382619238329e-05
2017-04-07,-0.003876586608948199
2017-04-08,0.0019628060462805455
2017-04-09,-0.004026560702351805
2017-04-10,-4.734665992105702e-05
2017-04-11,-0.00551241177937001
2017-04-12,-0.0018009811078678695
2017-04-13,-0.0006074822539127161
2017-04-14,-5.779478664695214e-05
2017-04-15,-0.004351556814815175
2017-04-16,0.001830447245769443
2017-04-17,-0.0020294301917857718
2017-04-18,0.0030232207225507225
2017-04-19,0.004736372128862929
2017-04-20,0.0004766641251277046
2017-04-21,-0.007170379379168166
2017-04-22,0.003035305916597584
2017-04-23,0.0013751323707721648
2017-04-24,-0.00013912137300544413
2017-04-25,-0.0017409479401011125
2017-04-26,-0.0028038173002687
2017-04-27,-0.006046634529715162
2017-04-28,0.004667114360878563
2017-04-29,0.008366183485405012
2017-04-30,0.0011019356897389353
2017-05-01,0.0010239342744070353
2017-05-02,0.00183313039613689
2017-05-03,-0.010814395634759557
2017-05-04,-0.0009434968139990563
2017-05-05,0.015114445326739213
2017-05-06,0.0036018294509193335
2017-05-07,-0.013345310661697815
2017-05-08,-0.0014295162747785478
2017-05-09,0.0004735298547095752
2017-05-10,-0.0011663141858541547
2017-05-11,-0.0021538084342403218
2017-05-12,0.0062176054154084864
2017-05-13,0.0011502972699997574
2017-05-14,0.006294927374561077
2017-05-15,0.0005714213131171523
2017-05-16,-0.000577739560415294
2017-05-17,0.006047278500539617
2017-05-18,-0.002070459937680501
2017-05-19,0.004225693832822556
2017-05-20,0.004606146996292802
2017-05-21,-0.0030589229923637493
2017-05-22,4.565471470034799e-05
2017-05-23,-0.044167817554887454
2017-05-24,-0.0006259520799669646
2017-05-25,-0.006047190577956916
2017-05-26,0.011194248383758907
2017-05-27,0.0025455829512771827
2017-05-28,0.004469724706241401
2017-05-29,0.0060402885356814024
2017-05-30,0.003709552873874133
2017-05-31,-0.01034628671988217
2017-06-01,0.0041625818870973585
2017-06-02,0.00525766676095557
2017-06-03,-0.0024482575110771933
2017-06-04,-0.0006156729608623892
2017-06-05,0.005187099257908415
2017-06-06,-0.00596554332272239
2017-06-07,-4.728627376304218e-05
2017-06-08,0.000560236976193202
2017-06-09,-0.008509148523429743
2017-06-10,-0.0017840913900583238
2017-06-11,-0.003462086681713849
2017-06-12,0.0005048744726848931
2017-06-13,-0.0039024409141493227
2017-06-14,-0.00204091534678264
2017-06-15,-0.0003250132964474617
2017-06-16,-0.0026359157288678467
2017-06-17,0.00027058117139238866
2017-06-18,0.0019124904675287709
2017-06-19,0.006051187792294968
2017-06-20,-0.0004255056622525681
2017-06-21,0.0005910588199476692
2017-06-22,-0.0020996003454591987
2017-06-23,0.00488619705069001
2017-06-24,0.002466413597046133
2017-06-25,-0.002947050496818446
2017-06-26,0.0006254058336187209
2017-06-27,0.006128442035770828
2017-06-28,-0.0020807255165451377
2017-06-29,-0.002987314974244437
2017-06-30,-0.0017378771580040984
2017-07-01,0.0019039459842884337
2017-07-02,-0.001026724629284204
2017-07-03,-0.0001104104248522999
2017-07-04,-0.004186329222684381
2017-07-05,0.00030327549519373995
2017-07-06,-0.008687029833842673
2017-07-07,0.00043216887426695606
2017-07-08,-0.004011520793276421
2017-07-09,-0.015511023575117567
2017-07-10,-0.0006605416723035153
2017-07-11,0.021262566937704196
2017-07-12,-0.006684038008276996
2017-07-13,-0.0008569255937314049
2017-07-14,0.00766928229212909
2017-07-15,0.008176748010625007
2017-07-16,-0.024849019339733606
2017-07-17,-0.0014327312628612736
2017-07-18,0.0072253468312224005
2017-07-19,-0.00043818435831996717
2017-07-20,4.309866015697028e-05
2017-07-21,-0.0006185511168690119
2017-07-22,-0.005919235302437319
2017-07-23,-0.0012121830545531002
2017-07-24,0.010596098407064929
2017-07-25,0.00023142000915942778
2017-07-26,-0.00026466766923321307
2017-07-27,-0.0028791189775645956
2017-07-28,-0.0021320911126822208
2017-07-29,0.0034309938936463676
2017-07-30,-0.0009742675319158187
2017-07-31,0.0025335709754302264
2017-08-01,-0.004457098278761435
2017-08-02,0.0015166806274951327
2017-08-03,0.02525406014832912
2017-08-04,0.01019810195748137
2017-08-05,-0.006924012556220461
2017-08-06,-0.00046547635133034637
2017-08-07,0.005897778370190474
2017-08-08,-0.0001474226804452825
2017-08-09,0.0015179052486349143
2017-08-10,-0.0002643009107874659
2017-08-11,0.00209173024143394
2017-08-12,0.007890406327241629
2017-08-13,-0.0043709858137959915
2017-08-14,0.0020185023489954572
2017-08-15,0.0006680089383928963
2017-08-16,0.00021426300994930548
2017-08-17,0.0031833660885353535
2017-08-18,0.006746120500699387
2017-08-19,-0.002012346042755331
2017-08-20,0.001364407223686086
2017-08-21,0.004775451932271076
2017-08-22,0.0001144899420591936
2017-08-23,-0.0003460001930378365
2017-08-24,-0.002693590858585053
2017-08-25,0.007065115264474227
2017-08-26,0.001253018822784457
2017-08-27,0.002726358736496901
2017-08-28,-0.001144604333714657
2017-08-29,0.002789172346766495
2017-08-30,0.002156790767356595
2017-08-31,0.0004241296074728844
2017-09-01,-0.002233360287309044
2017-09-02,-0.0006271634004739195
2017-09-03,0.012252320344582818
2017-09-04,0.003596519046646671
2017-09-05,-0.0014906044722829068
2017-09-06,0.0016038443834295335
2017-09-07,-0.0060065427617972495
2017-09-08,0.002603954165039827
2017-09-09,-0.00016227708853796058
2017-09-10,0.0024973703701109424
2017-09-11,-0.00025672421683275016
2017-09-12,-0.0017689725372892567
2017-09-13,-0.012654519669652382
2017-09-14,0.0017064530873859842
2017-09-15,0.0019790746375096023
2017-09-16,-0.0006987194812826545
2017-09-17,-0.0033826638354699794
2017-09-18,-0.0017326398058569645
2017-09-19,-0.0005713577666106984
2017-09-20,-0.0038086840861858073
2017-09-21,-0.001137023936271553
2017-09-22,-0.014686353214514733
2017-09-23,0.0006726748832616094
2017-09-24,0.021332116722544685
2017-09-25,-0.00037933554982141703
2017-09-26,0.004606612908340427
2017-09-27,-0.0005806926028540448
2017-09-28,-0.0010314656572864532
2017-09-29,-0.0006581775161522607
2017-09-30,0.006004805910108968
2017-10-01,-0.0001328455177917559
2017-10-02,0.000625713710089991
2017-10-03,0.0007645276598703221
2017-10-04,0.000905518541037837
2017-10-05,0.0053663064225512825
2017-10-06,-0.00017170296251594876
2017-10-07,-0.00251378588244354
2017-10-08,0.0033671255446788627
2017-10-09,0.0027276776254869513
2017-10-10,0.00045243533000839567
2017-10-11,-0.002659405337267961
2017-10-12,0.0014563170669507394
2017-10-13,-0.0008372602967520572
2017-10-14,-0.0008773830310310278
2017-10-15,-0.0007594657014957757
2017-10-16,-0.001407850800343287
2017-10-17,-0.0013767738580368696
2017-10-18,0.0003668037812194722
2017-10-19,-0.00011690424927055521
2017-10-20,0.0005165156013296562
2017-10-21,-0.0024172739852187414
2017-10-22,0.00016196516595550926
2017-10-23,0.039213952203560706
2017-10-24,0.0005558640517330524
2017-10-25,0.00017631947971165875
2017-10-26,0.0006991130316983689
2017-10-27,0.0016658277691400385
2017-10-28,-0.00667065101342465
2017-10-29,-0.0077554979324296735
2017-10-30,0.0020182739370580138
2017-10-31,-0.0008151128982239195
2017-11-01,-0.005385803509277213
2017-11-02,0.00010731063147521258
2017-11-03,0.003637541892982741
2017-11-04,0.0032772421487758364
2017-11-05,0.0078048560519619874
2017-11-06,0.0018329540091747015
2017-11-07,0.005399260485365008
2017-11-08,0.0014677948679438781
2017-11-09,-0.013728841017338246
2017-11-10,0.023585978113725866
2017-11-11,-0.0038803886042552264
2017-11-12,0.012451995087603274
2017-11-13,-0.0024526172446312547
2017-11-14,-0.0005663512585665491
2017-11-15,-0.010059681153368666
2017-11-16,0.0014694368666552213
2017-11-17,-0.0019675180289812615
2017-11-18,-0.0031925359523015135
2017-11-19,0.002027346405226595
2017-11-20,-0.0009196805940500576
2017-11-21,-0.004341739836978102
2017-11-22,0.00031274254425404723
2017-11-23,-0.0037785180112465135
2017-11-24,0.00032280225312298906
2017-11-25,0.0006811950044463795
2017-11-26,0.005496654724712676
2017-11-27,0.009585376328978204
2017-11-28,-0.015901541579631653
2017-11-29,-0.0013500036534980996
2017-11-30,0.0018850869119482238
2017-12-01,-0.0038289415464388293
2017-12-02,-0.0023435954363345245
2017-12-03,0.0002623089158510781
2017-12-04,0.011608665221245967
2017-12-05,-0.006009822117156428
2017-12-06,-0.004099394567787666
2017-12-07,0.006495892832322732
2017-12-08,0.0012110794043800265
2017-12-09,-0.0035343927102490886
2017-12-10,-0.00442008525082578
2017-12-11,-0.008585316053239622
2017-12-12,0.0027036910566405896
2017-12-13,0.007884937463819004
2017-12-14,0.00020689822530324433
2017-12-15,-0.00012736042938091703
2017-12-16,-0.0005941117930157231
2017-12-17,0.0030115018397683484
2017-12-18,0.001018970058551278
2017-12-19,0.0002146836210881582
2017-12-20,-8.955297767851284e-05
2017-12-21,0.0
2017-12-22,0.002459911860146259
2017-12-23,-0.0011621680727087753
2017-12-24,0.00010353326193408049
2017-12-25,0.00018534803521950307
2017-12-26,-0.0006821014123204274
2017-12-27,-0.0010528521782217878
2017-12-28,0.0012787095086565872
2017-12-29,0.00470997582669507
2017-12-30,0.004013268245160638
2017-12-31,0.003102593359923793
2018-01-01,8.265036812941086e-05
2018-01-02,-0.005489487936981465
2018-01-03,-9.443923847598257e-05
2018-01-04,0.0035280947745900634
2018-01-05,-0.003925353696641294
2018-01-06,-0.0010061974256845648
2018-01-07,0.02683322156805634
2018-01-08,0.00021129165852095078
2018-01-09,8.065058701028749e-05
2018-01-10,-0.0025878777959656234
2018-01-11,-0.0015966805728255904
2018-01-12,0.00044275036640356813
2018-01-13,0.006349542213542688
2018-01-14,-0.0036151556918471036
2018-01-15,0.0
2018-01-16,-0.0016315419499038535
2018-01-17,-0.00283121444353728
2018-01-18,0.0038200384566706926
2018-01-19,-0.005144964120657939
2018-01-20,0.006659444101663422
2018-01-21,-0.004508777015130692
2018-01-22,-0.0002621919261190335
2018-01-23,-0.00017194426252018158
2018-01-24,0.0020979981661970264
2018-01-25,-0.0005308020831106988
2018-01-26,-0.0004472023288606759
2018-01-27,-0.0015215562239191968
2018-01-28,0.004023570791253101
2018-01-29,-0.004406913764147314
2018-01-30,-0.0030721411065207905
2018-01-31,-0.017396044095691458
2018-02-01,-0.009911731282041598
2018-02-02,0.0024107304611089195
2018-02-03,0.011547646789615167
2018-02-04,0.0006518452056121102
2018-02-05,-0.014298726143186453
2018-02-06,0.0023847973491931064
2018-02-07,-0.019714391053037118
2018-02-08,0.015519439763953417
2018-02-09,0.004112878847330026
2018-02-10,-0.0005451343478950826
2018-02-11,-0.0035135919693822094
2018-02-12,-0.002450926927874925
2018-02-13,0.00019225919688176771
2018-02-14,0.00012764582530463465
2018-02-15,0.0018261799824166674
2018-02-16,-0.0017585047210637902
2018-02-17,-0.002441819174159227
2018-02-18,-0.0011744418105396046
2018-02-19,-0.0024907200505282284
2018-02-20,-0.0039150569262239605
2018-02-21,0.005231436059348626
2018-02-22,0.004117814180350216
2018-02-23,-0.008848406794137072
2018-02-24,2.3469511484392135e-05
2018-02-25,-0.005273729270339578
2018-02-26,0.001160342133579614
2018-02-27,0.00670855095706255
2018-02-28,0.003124677416004932
2018-03-01,-0.0031054972910729574
2018-03-02,0.003878451043725536
2018-03-03,0.0008848410110009018
2018-03-04,-0.0010889903180653295
2018-03-05,-0.002801402149794435
2018-03-06,0.001220999227796458
2018-03-07,0.00822782134872431
2018-03-08,-0.0005887650805480974
2018-03-09,0.000494827742509531
2018-03-10,-0.008048503602018394
2018-03-11,0.0003627657275336859
2018-03-12,4.4229133736988646e-05
2018-03-13,0.020972342369094146
2018-03-14,0.002775394634627701
2018-03-15,0.002598005467027402
2018-03-16,0.01521342350696995
2018-03-17,-0.0047045972961286845
2018-03-18,0.0036151982301464063
2018-03-19,-0.0022690793382943108
2018-03-20,0.00022748075731596784
2018-03-21,0.010735348362941887
2018-03-22,0.0017689286015713898
2018-03-23,0.0014267200552443048
2018-03-24,0.0021471222883508593
2018-03-25,-0.007595460066527086
2018-03-26,0.0027063250927284186
2018-03-27,0.005984555227141241
2018-03-28,-0.012404315735558126
2018-03-29,-0.002319803019305402
2018-03-30,-0.0006237488781760715
2018-03-31,0.012684167782756123
2018-04-01,-0.001609608248091383
2018-04-02,0.007846919091157607
2018-04-03,0.0010825472014836625
2018-04-04,-0.007468243934287408
2018-04-05,-0.0023947187080219008
2018-04-06,0.007965930917566503
2018-04-07,0.0009120096063806156
2018-04-08,-0.004270670881511695
2018-04-09,0.00010006192698243663
2018-04-10,0.0041397787720750595
2018-04-11,-0.00446666716739521
2018-04-12,-0.004502856728332775
2018-04-13,-0.0009948117356591705
2018-04-14,-0.000413698603058732
2018-04-15,-0.0008139406997639941
2018-04-16,0.002636931394684667
2018-04-17,0.0011862337494697537
2018-04-18,-0.008688514418939301
2018-04-19,-0.006522431232308465
2018-04-20,-0.004281887065982192
2018-04-21,0.0005086634567220592
2018-04-22,0.00757043424618176
2018-04-23,-0.005050768211591205
2018-04-24,0.021512778266599742
2018-04-25,-0.0006632390756614125
2018-04-26,-0.0002577921632370204
2018-04-27,-0.0019341234819956034
2018-04-28,0.00016578846295918219
2018-04-29,0.0009318823569746706
2018-04-30,-0.0008363122296060494
2018-05-01,0.0018506126767999856
2018-05-02,-0.00038369687441652665
2018-05-03,-0.00010595211058692666
2018-05-04,-0.004865650610140171
2018-05-05,-0.0029439892291890975
2018-05-06,-0.00047875849393848053
2018-05-07,0.0005818930026989166
2018-05-08,0.0012277672610012326
2018-05-09,0.0020859044573028488
2018-05-10,0.018581951694557914
2018-05-11,0.004305810429001718
2018-05-12,0.002345952392138646
2018-05-13,-0.001113552153164122
2018-05-14,-0.00033272715656098044
2018-05-15,-0.0012643273861032795
2018-05-16,-0.00037638307841099026
2018-05-17,-0.001633660399590596
2018-05-18,-0.0033152817445220566
2018-05-19,-0.003417660572976059
2018-05-20,0.001550909682715846
2018-05-21,0.000893660714044643
2018-05-22,0.0051316591700237505
2018-05-23,-0.0006299105880212728
2018-05-24,0.0011951682600744788
2018-05-25,0.002461441013730573
2018-05-26,0.0026563656922588153
2018-05-27,-0.006900103923396151
2018-05-28,0.0017957519205874033
2018-05-29,-0.00039133446336058787
2018-05-30,0.0024243544168726892
2018-05-31,-0.0009628711418900642
2018-06-01,-0.0005887445939618204
2018-06-02,0.0003726077538371681
2018-06-03,-0.0058437873856529085
2018-06-04,0.0004778359346888945
2018-06-05,-0.0003177185519008415
2018-06-06,0.0006252557478741849
2018-06-07,-0.0036531656591925017
2018-06-08,0.0007174091386875785
2018-06-09,0.009960431647901589
2018-06-10,-0.001635685484766382
2018-06-11,0.0013786516832278058
2018-06-12,-0.0018764764518898285
2018-06-13,0.0039187231237873005
2018-06-14,-0.0029887430312472573
2018-06-15,0.004259182273046853
2018-06-16,-0.0005265725126978735
2018-06-17,0.003224302800862304
2018-06-18,-0.0003197399981013542
2018-06-19,-0.00025828712415370343
2018-06-20,-2.5838526043109265e-05
2018-06-21,0.007420803089692807
2018-06-22,0.0013763601031031132
2018-06-23,0.0009807522403000733
2018-06-24,0.00027830181318178895
2018-06-25,-0.006482301670010804
2018-06-26,0.0009700579862866616
2018-06-27,0.007116534727421688
2018-06-28,0.0002523968466392915
2018-06-29,-0.0019874555318203035
2018-06-30,-0.0014396456406514015
2018-07-01,-0.009557691462512008
2018-07-02,0.0029983968271134857
2018-07-03,0.001357940164621702
2018-07-04,-0.0006541123419760203
2018-07-05,0.0038223322687934375
2018-07-06,-0.002237355674262593
2018-07-07,0.0013195694480334587
2018-07-08,0.003616235821924181
2018-07-09,-0.008426272075679215
2018-07-10,0.0009560477296197562
2018-07-11,0.0037765590555596394
2018-07-12,-0.0016057373795354236
2018-07-13,0.0021259859366962387
2018-07-14,3.580393556211743e-05
2018-07-15,-0.0071230913074562295
2018-07-16,-0.00595471719744754
2018-07-17,-0.0025248831098244173
2018-07-18,-0.0007950327267907274
2018-07-19,-0.0020809396236330983
2018-07-20,6.183374770070916e-05
2018-07-21,-0.002549652078103904
2018-07-22,-0.0005697294733535266
2018-07-23,-0.0022171330056004637
2018-07-24,0.0031526923255658502
2018-07-25,-0.001011195003312361
2018-07-26,-0.0017081040297673006
2018-07-27,0.0012136699618664382
2018-07-28,0.004614491528229614
2018-07-29,0.0019642631217965463
2018-07-30,-0.0007682410699286927
2018-07-31,-0.0027214913516337277
2018-08-01,0.0027976158633177197
2018-08-02,-0.008826051316244843
2018-08-03,0.0010196812563500375
2018-08-04,0.0006207923522147277
2018-08-05,-0.0002062140449921689
2018-08-06,-0.002320935612547162
2018-08-07,-0.013882621509189803
2018-08-08,-0.004600731457992249
2018-08-09,-0.008124500848619572
2018-08-10,-0.00490492241000967
2018-08-11,-0.00036285284415632355
2018-08-12,-0.002865397442689531
2018-08-13,-0.00312522079984302
2018-08-14,-0.0013567883797425812
2018-08-15,0.0006673686416054045
2018-08-16,-0.01143057021840073
2018-08-17,0.002694874532008858
2018-08-18,0.00023289647961570714
2018-08-19,-0.0021548707557777426
2018-08-20,-0.004904739858884558
2018-08-21,-0.0029465888368968123
2018-08-22,0.006761017827434765
2018-08-23,0.0019361540559836503
2018-08-24,0.0010168859356000609
2018-08-25,0.0008361086093574683
2018-08-26,-0.007970454529825397
2018-08-27,0.0006351981244217932
2018-08-28,0.0003828983326791722
2018-08-29,0.001281860753057014
2018-08-30,-0.002098257146262378
2018-08-31,0.0036956572623948743
2018-09-01,0.002365067207833993
2018-09-02,-0.0008094239293756192
2018-09-03,-0.0026976303913827026
2018-09-04,0.004675038829372451
2018-09-05,-0.0030777543314421322
2018-09-06,-0.0004725110339182499
2018-09-07,-0.0043826765779800235
2018-09-08,0.0005907819137139823
2018-09-09,-0.0016368674278015249
2018-09-10,0.002190586603232204
2018-09-11,0.0028147238378821607
2018-09-12,-0.0001924076475545511
2018-09-13,-0.0039711144049858526
2018-09-14,0.0019345329016648347
2018-09-15,0.0021556391651956545
2018-09-16,-0.005553072341203016
2018-09-17,-0.012293468722964995
2018-09-18,-0.00013403144745949836
2018-09-19,0.006357110700793059
2018-09-20,0.002317326820621319
2018-09-21,-0.005951240601835367
2018-09-22,0.00029973912701517603
2018-09-23,-0.0008219931566769179
2018-09-24,0.0027593484433181873
2018-09-25,-0.006840028801041351
2018-09-26,-0.006656267650056549
2018-09-27,-0.00025344217045932904
2018-09-28,-0.0012749665738978821
2018-09-29,-0.0007604099152467164
2018-09-30,-0.0025148155860852234
2018-10-01,-0.0006974642919436111
2018-10-02,-0.0021130258611720674
2018-10-03,-0.00015936349653423765
2018-10-04,0.0020229762082807743
2018-10-05,-0.0005318217261297501
2018-10-06,0.001929240031274272
2018-10-07,0.0025903330521949226
2018-10-08,0.0008130504945756483
2018-10-09,0.0006275223713912379
2018-10-10,0.0005429121542770912
2018-10-11,0.0018027922057200843
2018-10-12,-0.0022422397714289433
2018-10-13,-0.004587388158954122
2018-10-14,-0.007525420360559986
2018-10-15,-0.001569622807660147
2018-10-16,-0.002058989611272634
2018-10-17,-0.0036288715080978863
2018-10-18,-0.00014845973063697487
2018-10-19,0.0017764328985294933
2018-10-20,1.105650233282807e-05
2018-10-21,-0.002180682946790186
2018-10-22,-0.0004763746269489473
2018-10-23,-0.002886393325529498
2018-10-24,8.535380328038606e-05
2018-10-25,-0.0011803539030883073
2018-10-26,-0.00020748870501336624
2018-10-27,-0.00028687369178352385
2018-10-28,-0.0018284608275904461
2018-10-29,-0.002124743539318929
2018-10-30,0.00044192586114372834
2018-10-31,0.0007775184446379089
2018-11-01,0.0011388178852603083
2018-11-02,4.428968942756638e-05
2018-11-03,-0.0019499680463747246
2018-11-04,0.001171843653276437
2018-11-05,-0.004506394652319271
2018-11-06,-0.0015144744226030433
2018-11-07,0.0018262063220115274
2018-11-08,-0.010610277902763563
2018-11-09,0.00038303648452670864
2018-11-10,0.000772463937617504
2018-11-11,0.00010276558718467466
2018-11-12,-0.0009766802704442355
2018-11-13,-0.0060139589886753836
2018-11-14,-0.0007159735956763235
2018-11-15,0.0008739979209980604
2018-11-16,0.0006545503927226308
2018-11-17,0.0006874590994176257
2018-11-18,0.004991727883033903
2018-11-19,0.0037034280436260775
2018-11-20,-0.00796324249506931
2018-11-21,-0.004144786448719202
2018-11-22,-0.003845631021764822
2018-11-23,0.0028675820291626988
2018-11-24,0.005580091492941237
2018-11-25,0.0013762025272322685
2018-11-26,-0.0006157289015679726
2018-11-27,0.005809873466438682
2018-11-28,0.005779567667152202
2018-11-29,0.0005979733727407297
2018-11-30,0.011714151521620362
2018-12-01,0.0013221033272870744
2018-12-02,-0.008820621530850692
2018-12-03,-0.0018097568365906507
2018-12-04,0.008169252693174834
2018-12-05,-0.0030524984374971495
2018-12-06,0.00038607696779384377
2018-12-07,-0.0011516354749301066
2018-12-08,0.0003305731629976015
2018-12-09,-0.0018613800335751636
2018-12-10,0.002654427542878506
2018-12-11,0.0009662965225731818
2018-12-12,-0.00022370809031898136
2018-12-13,0.005170488236710774
2018-12-14,0.00061611960545787
2018-12-15,0.0009554727137289312
2018-12-16,-0.021031212234969898
2018-12-17,-0.00361802666927095
2018-12-18,-0.0010273963875348582
2018-12-19,0.00016362563660875652
2018-12-20,-0.00892701776467362
2018-12-21,1.2407900261731163e-05
2018-12-22,0.00276455634407568
2018-12-23,-0.0005230607977982116
2018-12-24,0.008127874779849189
2018-12-25,-0.0004933118826212603
2018-12-26,0.005627681706792106
2018-12-27,0.0013319537193359368
2018-12-28,-0.0003269768855939699
2018-12-29,0.0009657000213131277
2018-12-30,0.003708313166941756
2018-12-31,0.001536425220921585
2019-01-01,-0.004534703833574986
2019-01-02,-0.0043896417958236515
2019-01-03,0.0012074964334830188
2019-01-04,0.0006668397074286126
2019-01-05,0.005810852526901088
2019-01-06,0.0005269242395442372
2019-01-07,-0.00028421711988633525
2019-01-08,0.0026989261584173525
2019-01-09,-0.0024670526480151584
2019-01-10,3.925230180797534e-05
2019-01-11,-0.00025906934815120536
2019-01-12,-0.0030420789566714596
2019-01-13,-0.0009559903522135726
2019-01-14,0.002370730644298016
2019-01-15,0.0019034612935534911
2019-01-16,0.00011315190391947016
2019-01-17,0.0008966708122471332
2019-01-18,-0.0007610272227350899
2019-01-19,-0.0001505456282137718
2019-01-20,0.0004785139589795945
2019-01-21,-0.0027348266143169407
2019-01-22,0.0002762958198236536
